0.010000,0.000000,-0.000168,-0.000059,0.818259,-0.000003,-0.049012,0.098449,0.000083,-0.049013,-0.098482,-0.000082,0.149180,-0.000004,0.000001,-0.397925,-0.000000,0.000001,0.000000,0.149172,-0.000004,0.000001,-0.397924,-0.000000,0.000001,0.000000
0.110000,0.000000,-0.000318,-0.000048,0.818250,-0.000003,-0.049008,0.098200,0.000091,-0.049008,-0.098231,-0.000089,0.149663,-0.000002,0.000001,-0.399178,-0.000000,0.000001,-0.000000,0.149655,-0.000002,0.000002,-0.399176,-0.000000,0.000001,0.000000
0.210000,0.000000,-0.000444,-0.000039,0.818245,-0.000003,-0.049005,0.097966,0.000097,-0.049006,-0.097997,-0.000096,0.149860,-0.000001,0.000001,-0.399674,-0.000000,0.000001,-0.000000,0.149852,-0.000001,0.000002,-0.399673,-0.000000,0.000001,0.000000
0.310000,0.000000,-0.000549,-0.000031,0.818242,-0.000003,-0.049003,0.097747,0.000101,-0.049005,-0.097776,-0.000100,0.149942,-0.000001,0.000002,-0.399871,-0.000000,0.000001,0.000000,0.149934,-0.000001,0.000002,-0.399869,-0.000000,0.000001,0.000001
0.410000,0.000000,-0.000538,-0.000032,0.818278,-0.000115,-0.049049,0.097585,0.000131,-0.049052,-0.097609,-0.000079,0.149089,0.000011,0.000011,-0.396371,0.000005,0.000003,0.000038,0.148890,0.000015,0.000003,-0.396428,-0.000003,0.000004,0.000031
0.510000,0.000000,-0.000388,-0.000057,0.818694,-0.000600,-0.049047,0.097492,0.000222,-0.049050,-0.097511,0.000001,0.139738,-0.000017,0.000012,-0.371715,0.000010,-0.000001,0.000073,0.139467,-0.000007,-0.000005,-0.371797,-0.000008,0.000005,0.000062
0.610000,0.000000,-0.000426,-0.000040,0.818955,-0.000878,-0.049041,0.097406,0.000290,-0.049041,-0.097455,0.000049,0.135725,-0.000029,0.000010,-0.361717,0.000010,-0.000002,0.000075,0.135659,-0.000019,-0.000011,-0.361735,-0.000010,0.000003,0.000073
0.710000,0.000000,-0.000628,-0.000036,0.819117,-0.000959,-0.049046,0.097358,0.000354,-0.049047,-0.097397,0.000100,0.134036,-0.000023,0.000009,-0.357777,0.000010,-0.000002,0.000071,0.134100,-0.000013,-0.000011,-0.357753,-0.000010,0.000003,0.000075
0.810000,0.000000,-0.000995,-0.000011,0.819084,-0.000971,-0.049072,0.097315,0.000415,-0.049073,-0.097361,0.000150,0.133303,-0.000008,0.000011,-0.356232,0.000009,-0.000001,0.000067,0.133403,0.000001,-0.000009,-0.356195,-0.000010,0.000005,0.000072
0.910000,0.000000,-0.001546,-0.000016,0.818938,-0.000922,-0.049114,0.097287,0.000469,-0.049118,-0.097328,0.000201,0.132943,-0.000003,0.000011,-0.355642,0.000008,0.000000,0.000061,0.133060,0.000005,-0.000007,-0.355598,-0.000010,0.000005,0.000068
1.010000,0.000000,-0.002368,-0.000020,0.818791,-0.000615,-0.049123,0.097232,0.000484,-0.049130,-0.097272,0.000187,0.135526,-0.000009,0.000025,-0.359641,0.000019,-0.000002,0.000133,0.135919,0.000008,-0.000028,-0.359510,-0.000023,0.000005,0.000151
1.110000,0.000000,-0.003285,-0.000021,0.818656,-0.000090,-0.049210,0.097162,0.000482,-0.049223,-0.097197,0.000139,0.143570,-0.000032,0.000082,-0.369845,0.000061,-0.000004,0.000427,0.143831,0.000016,-0.000086,-0.369759,-0.000065,0.000007,0.000439
1.210000,0.000000,-0.004118,-0.000022,0.818607,0.000136,-0.049331,0.097093,0.000493,-0.049348,-0.097130,0.000114,0.148454,-0.000049,0.000125,-0.376043,0.000090,-0.000006,0.000607,0.148467,0.000019,-0.000126,-0.376038,-0.000092,0.000010,0.000608
1.310000,0.000000,-0.004846,-0.000023,0.818580,0.000184,-0.049460,0.097029,0.000497,-0.049481,-0.097067,0.000095,0.150694,-0.000057,0.000157,-0.378674,0.000107,-0.000008,0.000696,0.150574,0.000021,-0.000156,-0.378714,-0.000109,0.000013,0.000691
1.410000,0.000000,-0.005492,-0.000025,0.818543,0.000173,-0.049593,0.096969,0.000498,-0.049618,-0.097006,0.000078,0.150747,-0.000060,0.000183,-0.377663,0.000116,-0.000011,0.000725,0.150586,0.000024,-0.000182,-0.377718,-0.000120,0.000016,0.000719
1.510000,0.000000,-0.006079,-0.000029,0.818497,0.000135,-0.049733,0.096912,0.000494,-0.049761,-0.096950,0.000065,0.148750,-0.000060,0.000205,-0.372457,0.000122,-0.000014,0.000718,0.148591,0.000026,-0.000205,-0.372514,-0.000127,0.000019,0.000711
1.610000,0.000000,-0.006624,-0.000034,0.818465,0.000058,-0.049876,0.096858,0.000489,-0.049908,-0.096897,0.000055,0.144582,-0.000059,0.000227,-0.362156,0.000126,-0.000018,0.000688,0.144433,0.000030,-0.000227,-0.362213,-0.000132,0.000023,0.000681
1.710000,0.000000,-0.007136,-0.000039,0.818466,-0.000081,-0.050024,0.096809,0.000480,-0.050060,-0.096843,0.000046,0.138093,-0.000057,0.000250,-0.346000,0.000129,-0.000022,0.000648,0.137925,0.000034,-0.000250,-0.346066,-0.000136,0.000027,0.000640
1.810000,0.000000,-0.007617,-0.000046,0.818506,-0.000271,-0.050175,0.096759,0.000471,-0.050215,-0.096796,0.000040,0.129475,-0.000057,0.000275,-0.324323,0.000132,-0.000026,0.000602,0.129266,0.000036,-0.000275,-0.324405,-0.000140,0.000031,0.000592
1.910000,0.000000,-0.008067,-0.000052,0.818572,-0.000463,-0.050330,0.096714,0.000462,-0.050374,-0.096748,0.000036,0.119530,-0.000058,0.000302,-0.299212,0.000136,-0.000031,0.000554,0.119305,0.000038,-0.000304,-0.299304,-0.000146,0.000036,0.000543
2.010000,0.000000,-0.008480,-0.000055,0.818637,-0.000614,-0.050486,0.096670,0.000450,-0.050533,-0.096703,0.000031,0.109522,-0.000060,0.000332,-0.274005,0.000140,-0.000037,0.000505,0.109335,0.000040,-0.000337,-0.274090,-0.000152,0.000041,0.000495
2.110000,0.000000,-0.008848,-0.000057,0.818672,-0.000706,-0.050645,0.096628,0.000439,-0.050696,-0.096660,0.000028,0.100875,-0.000061,0.000367,-0.252422,0.000146,-0.000043,0.000457,0.100755,0.000044,-0.000374,-0.252491,-0.000161,0.000047,0.000449
2.210000,0.000000,-0.009166,-0.000055,0.818654,-0.000734,-0.050805,0.096586,0.000428,-0.050858,-0.096620,0.000026,0.094907,-0.000064,0.000406,-0.237913,0.000154,-0.000051,0.000410,0.094849,0.000047,-0.000417,-0.237967,-0.000171,0.000054,0.000405
2.310000,0.000000,-0.009430,-0.000049,0.818569,-0.000686,-0.050964,0.096549,0.000416,-0.051021,-0.096579,0.000024,0.092576,-0.000069,0.000451,-0.233011,0.000163,-0.000059,0.000367,0.092570,0.000050,-0.000466,-0.233055,-0.000184,0.000062,0.000363
2.410000,0.000000,-0.009642,-0.000041,0.818412,-0.000540,-0.051126,0.096511,0.000405,-0.051186,-0.096542,0.000022,0.094189,-0.000074,0.000501,-0.238565,0.000175,-0.000069,0.000325,0.094255,0.000053,-0.000521,-0.238593,-0.000198,0.000071,0.000323
2.510000,0.000000,-0.009810,-0.000030,0.818188,-0.000310,-0.051287,0.096473,0.000394,-0.051351,-0.096505,0.000021,0.099235,-0.000079,0.000556,-0.253217,0.000188,-0.000081,0.000286,0.099402,0.000058,-0.000582,-0.253219,-0.000216,0.000082,0.000287
2.610000,0.000000,-0.009949,-0.000017,0.817921,-0.000060,-0.051450,0.096438,0.000383,-0.051516,-0.096470,0.000019,0.106561,-0.000084,0.000616,-0.273806,0.000204,-0.000096,0.000249,0.106803,0.000062,-0.000647,-0.273792,-0.000234,0.000095,0.000252
2.710000,0.000000,-0.010072,-0.000002,0.817646,0.000150,-0.051614,0.096404,0.000372,-0.051683,-0.096436,0.000019,0.114806,-0.000089,0.000677,-0.296629,0.000221,-0.000114,0.000218,0.115053,0.000067,-0.000715,-0.296623,-0.000254,0.000111,0.000219
2.810000,0.000000,-0.010188,0.000013,0.817398,0.000300,-0.051777,0.096372,0.000361,-0.051849,-0.096402,0.000017,0.122796,-0.000091,0.000732,-0.318566,0.000240,-0.000138,0.000193,0.122992,0.000073,-0.000778,-0.318586,-0.000273,0.000130,0.000187
2.910000,0.000000,-0.010304,0.000028,0.817206,0.000408,-0.051941,0.096340,0.000351,-0.052016,-0.096370,0.000016,0.129738,-0.000085,0.000768,-0.337554,0.000257,-0.000168,0.000175,0.129866,0.000078,-0.000823,-0.337609,-0.000288,0.000154,0.000159
3.010000,0.000000,-0.010421,0.000041,0.817096,0.000498,-0.052107,0.096309,0.000343,-0.052183,-0.096338,0.000016,0.135212,-0.000065,0.000756,-0.352518,0.000268,-0.000210,0.000167,0.135280,0.000083,-0.000827,-0.352605,-0.000292,0.000183,0.000138
3.110000,0.000000,-0.010537,0.000051,0.817101,0.000588,-0.052271,0.096279,0.000334,-0.052350,-0.096309,0.000017,0.139040,-0.000020,0.000647,-0.363041,0.000265,-0.000268,0.000172,0.139067,0.000081,-0.000745,-0.363157,-0.000273,0.000218,0.000123
3.210000,0.000000,-0.010650,0.000056,0.817274,0.000687,-0.052435,0.096250,0.000324,-0.052518,-0.096281,0.000015,0.141145,0.000068,0.000356,-0.369010,0.000233,-0.000347,0.000195,0.141147,0.000065,-0.000497,-0.369150,-0.000211,0.000262,0.000116
3.310000,0.000000,-0.010757,0.000056,0.817707,0.000803,-0.052602,0.096224,0.000313,-0.052687,-0.096253,0.000013,0.141422,0.000227,-0.000263,-0.370321,0.000146,-0.000455,0.000241,0.141415,0.000019,0.000050,-0.370479,-0.000070,0.000312,0.000118
3.410000,0.000000,-0.010855,0.000047,0.818529,0.000938,-0.052767,0.096197,0.000303,-0.052854,-0.096227,0.000012,0.139654,0.000503,-0.001449,-0.366712,-0.000039,-0.000595,0.000316,0.139660,-0.000081,0.001118,-0.366873,0.000208,0.000366,0.000127
3.510000,0.000000,-0.010948,0.000028,0.819900,0.001081,-0.052934,0.096173,0.000288,-0.053025,-0.096200,0.000004,0.135474,0.000965,-0.003580,-0.357736,-0.000390,-0.000770,0.000421,0.135525,-0.000278,0.003059,-0.357872,0.000712,0.000414,0.000138
3.610000,0.000000,-0.011045,-0.000003,0.821973,0.001219,-0.053102,0.096152,0.000274,-0.053196,-0.096174,-0.000003,0.128397,0.001721,-0.007234,-0.342903,-0.001017,-0.000966,0.000553,0.128529,-0.000631,0.006417,-0.342967,0.001576,0.000436,0.000138
3.710000,0.000000,-0.011163,-0.000049,0.824832,0.001329,-0.053271,0.096131,0.000257,-0.053367,-0.096148,-0.000014,0.117908,0.002929,-0.013256,-0.321990,-0.002077,-0.001149,0.000691,0.118134,-0.001232,0.011992,-0.321907,0.002997,0.000392,0.000100
3.810000,0.000000,-0.011337,-0.000112,0.828435,0.001410,-0.053439,0.096110,0.000240,-0.053538,-0.096125,-0.000026,0.103570,0.004813,-0.022836,-0.295409,-0.003800,-0.001251,0.000796,0.103834,-0.002201,0.020922,-0.295070,0.005244,0.000219,-0.000019
3.910000,0.000000,-0.011621,-0.000193,0.832591,0.001526,-0.053609,0.096092,0.000224,-0.053711,-0.096100,-0.000038,0.085036,0.007690,-0.037570,-0.264401,-0.006495,-0.001162,0.000801,0.085151,-0.003698,0.034755,-0.263652,0.008681,-0.000175,-0.000291
4.010000,0.000000,-0.012091,-0.000296,0.836989,0.001867,-0.053780,0.096076,0.000211,-0.053885,-0.096076,-0.000050,0.061916,0.011978,-0.059516,-0.230893,-0.010567,-0.000735,0.000612,0.061477,-0.005925,0.055503,-0.229524,0.013769,-0.000906,-0.000811
4.110000,0.000000,-0.012848,-0.000427,0.841285,0.002832,-0.053953,0.096060,0.000206,-0.054057,-0.096051,-0.000057,0.033500,0.018201,-0.091159,-0.197198,-0.016518,0.000197,0.000109,0.031899,-0.009131,0.085633,-0.194891,0.021068,-0.002104,-0.001701
4.210000,0.000000,-0.014020,-0.000597,0.845184,0.005083,-0.054129,0.096042,0.000205,-0.054233,-0.096029,-0.000062,-0.001563,0.026961,-0.135266,-0.165748,-0.024919,0.001804,-0.000850,-0.004872,-0.013614,0.127942,-0.161936,0.031198,-0.003890,-0.003094
4.310000,0.000000,-0.015746,-0.000817,0.848498,0.009367,-0.054306,0.096028,0.000202,-0.054407,-0.096004,-0.000072,-0.045462,0.038842,-0.194502,-0.138893,-0.036351,0.004223,-0.002428,-0.050521,-0.019739,0.185219,-0.132564,0.044757,-0.006357,-0.005125
4.410000,0.000000,-0.018170,-0.001103,0.851166,0.015906,-0.054484,0.096013,0.000188,-0.054583,-0.095980,-0.000097,-0.100938,0.054282,-0.270780,-0.118671,-0.051283,0.007525,-0.004761,-0.107342,-0.027906,0.259661,-0.108325,0.062187,-0.009534,-0.007909
4.510000,0.000000,-0.021412,-0.001463,0.853226,0.023784,-0.054662,0.096000,0.000169,-0.054757,-0.095954,-0.000129,-0.170540,0.073474,-0.364378,-0.106562,-0.069904,0.011675,-0.007885,-0.178469,-0.038393,0.352066,-0.090511,0.083617,-0.013365,-0.011516
4.610000,0.000000,-0.025528,-0.001894,0.854779,0.031296,-0.054841,0.095988,0.000148,-0.054933,-0.095926,-0.000166,-0.256187,0.096288,-0.473092,-0.103484,-0.091981,0.016530,-0.011648,-0.267214,-0.051147,0.461005,-0.080171,0.108738,-0.017710,-0.015891
4.710000,0.000000,-0.030452,-0.002375,0.855930,0.037116,-0.055020,0.095974,0.000132,-0.055110,-0.095902,-0.000200,-0.359078,0.122087,-0.591836,-0.110025,-0.116842,0.021873,-0.015637,-0.375606,-0.065787,0.582351,-0.077997,0.136811,-0.022407,-0.020729
4.810000,0.000000,-0.035943,-0.002868,0.856754,0.040839,-0.055195,0.095960,0.000121,-0.055284,-0.095877,-0.000231,-0.479008,0.149643,-0.713087,-0.126502,-0.143549,0.027507,-0.019125,-0.503321,-0.081770,0.709527,-0.084337,0.166876,-0.027395,-0.025399
4.910000,0.000000,-0.041590,-0.003326,0.857289,0.042675,-0.055374,0.095947,0.000112,-0.055462,-0.095851,-0.000261,-0.613381,0.177393,-0.828176,-0.152797,-0.171225,0.033400,-0.021120,-0.647384,-0.098523,0.834546,-0.099322,0.198082,-0.032889,-0.028959
5.010000,0.000000,-0.046882,-0.003708,0.857549,0.043088,-0.055553,0.095932,0.000106,-0.055642,-0.095827,-0.000288,-0.756892,0.203893,-0.929016,-0.188238,-0.199392,0.039883,-0.020566,-0.802201,-0.115568,0.949482,-0.122891,0.229986,-0.039561,-0.030291
5.110000,0.000000,-0.051356,-0.003986,0.857537,0.042585,-0.055738,0.095917,0.000104,-0.055827,-0.095802,-0.000309,-0.902121,0.228167,-1.009612,-0.231675,-0.228126,0.047836,-0.016652,-0.959974,-0.132727,1.047815,-0.154706,0.262662,-0.048694,-0.028332
5.210000,0.000000,-0.054741,-0.004151,0.857231,0.041550,-0.055924,0.095903,0.000102,-0.056014,-0.095776,-0.000329,-1.040610,0.249879,-1.066865,-0.281664,-0.257971,0.058774,-0.009063,-1.111613,-0.150244,1.125212,-0.194135,0.296615,-0.062208,-0.022304
5.310000,0.000000,-0.057035,-0.004210,0.856564,0.040125,-0.056114,0.095888,0.000103,-0.056207,-0.095749,-0.000345,-1.163951,0.269322,-1.100595,-0.336589,-0.289678,0.074727,0.001921,-1.247872,-0.168708,1.179701,-0.240311,0.332587,-0.082472,-0.011885
5.410000,0.000000,-0.058470,-0.004184,0.855393,0.038176,-0.056306,0.095872,0.000104,-0.056401,-0.095722,-0.000360,-1.264718,0.287236,-1.112950,-0.394649,-0.323873,0.097896,0.015486,-1.360412,-0.188788,1.211400,-0.292205,0.371298,-0.111838,0.002736
5.510000,0.000000,-0.059400,-0.004102,0.853493,0.035405,-0.056501,0.095857,0.000106,-0.056598,-0.095692,-0.000374,-1.337179,0.304477,-1.107543,-0.453704,-0.360741,0.130158,0.030451,-1.442620,-0.210898,1.222026,-0.348567,0.413167,-0.151973,0.020905
5.610000,0.000000,-0.060178,-0.004003,0.850564,0.031532,-0.056695,0.095842,0.000106,-0.056796,-0.095659,-0.000388,-1.377854,0.321606,-1.088639,-0.511084,-0.399752,0.172489,0.045438,-1.490217,-0.234898,1.214381,-0.407670,0.458023,-0.203107,0.041584
5.710000,0.000000,-0.061044,-0.003920,0.846241,0.026528,-0.056890,0.095827,0.000111,-0.056997,-0.095623,-0.000397,-1.385891,0.338473,-1.060574,-0.563496,-0.439495,0.224469,0.059021,-1.501687,-0.259928,1.191918,-0.466983,0.504844,-0.263514,0.063464
5.810000,0.000000,-0.062085,-0.003877,0.840124,0.020732,-0.057085,0.095814,0.000119,-0.057197,-0.095583,-0.000405,-1.363217,0.354011,-1.027340,-0.607202,-0.477728,0.284038,0.069835,-1.478500,-0.284415,1.158415,-0.522980,0.551619,-0.329523,0.085066
5.910000,0.000000,-0.063231,-0.003882,0.831834,0.014800,-0.057278,0.095801,0.000127,-0.057395,-0.095537,-0.000412,-1.314232,0.366447,-0.992249,-0.638522,-0.511711,0.347676,0.076674,-1.424908,-0.306198,1.117703,-0.571366,0.595480,-0.396259,0.104866
6.010000,0.000000,-0.064317,-0.003930,0.821115,0.009487,-0.057471,0.095787,0.000132,-0.057594,-0.095490,-0.000421,-1.245086,0.373860,-0.957679,-0.654540,-0.538804,0.411074,0.078645,-1.347283,-0.322788,1.073408,-0.607710,0.633174,-0.458864,0.121449
6.110000,0.000000,-0.065141,-0.004009,0.807959,0.005443,-0.057659,0.095772,0.000131,-0.057786,-0.095442,-0.000435,-1.162660,0.374778,-0.925015,-0.653702,-0.557107,0.470060,0.075345,-1.253114,-0.331748,1.028705,-0.628266,0.661722,-0.513584,0.133678
6.210000,0.000000,-0.065538,-0.004095,0.792722,0.003159,-0.057845,0.095756,0.000127,-0.057974,-0.095393,-0.000450,-1.073580,0.368526,-0.894834,-0.636065,-0.565891,0.521438,0.067007,-1.149969,-0.331112,0.986086,-0.630665,0.679039,-0.558240,0.140868
6.310000,0.000000,-0.065407,-0.004161,0.776185,0.003021,-0.058026,0.095738,0.000118,-0.058158,-0.095345,-0.000468,-0.983496,0.355271,-0.867238,-0.603214,-0.565675,0.563381,0.054510,-1.044615,-0.319743,0.947243,-0.614306,0.684276,-0.592073,0.142887
6.410000,0.000000,-0.064734,-0.004169,0.759519,0.005419,-0.058203,0.095718,0.000104,-0.058331,-0.095301,-0.000486,-0.896785,0.335875,-0.842180,-0.557995,-0.557949,0.595355,0.039208,-0.942489,-0.297523,0.913129,-0.580378,0.677836,-0.615255,0.140149
6.510000,0.000000,-0.063583,-0.004050,0.744156,0.010768,-0.058380,0.095697,0.000098,-0.058503,-0.095263,-0.000554,-0.816542,0.311731,-0.819767,-0.504181,-0.544705,0.617754,0.022614,-0.847504,-0.265388,0.884255,-0.531610,0.661113,-0.628357,0.133493
6.610000,0.000000,-0.062082,-0.003687,0.731580,0.019430,-0.058566,0.095677,0.000093,-0.058666,-0.095224,-0.000696,-0.744721,0.284545,-0.800566,-0.446129,-0.527959,0.631487,0.006050,-0.762232,-0.225338,0.861039,-0.471867,0.636078,-0.631958,0.124019
6.710000,0.000000,-0.060398,-0.002927,0.723078,0.031452,-0.058770,0.095664,0.000037,-0.058805,-0.095172,-0.000887,-0.682666,0.256394,-0.785738,-0.388466,-0.509379,0.637705,-0.009583,-0.688124,-0.180165,0.844109,-0.405711,0.604856,-0.626422,0.112923
6.810000,0.000000,-0.058704,-0.001557,0.719521,0.045991,-0.059000,0.095657,-0.000083,-0.058914,-0.095108,-0.001142,-0.631378,0.229923,-0.776886,-0.335701,-0.490075,0.637669,-0.023861,-0.625952,-0.132876,0.834348,-0.338002,0.569334,-0.611872,0.101292
6.910000,0.000000,-0.057189,0.000710,0.721206,0.060775,-0.059262,0.095660,-0.000257,-0.058999,-0.095035,-0.001439,-0.591423,0.208332,-0.775564,-0.291843,-0.470577,0.632722,-0.036751,-0.576392,-0.086074,0.832567,-0.273503,0.530857,-0.588340,0.089872
7.010000,0.000000,-0.056036,0.004238,0.727802,0.072183,-0.059556,0.095672,-0.000464,-0.059057,-0.094952,-0.001756,-0.562847,0.195027,-0.782495,-0.260150,-0.451022,0.624315,-0.048428,-0.540187,-0.041563,0.839014,-0.216395,0.490077,-0.556042,0.078841
7.110000,0.000000,-0.055403,0.009500,0.738388,0.076465,-0.059885,0.095692,-0.000654,-0.059094,-0.094863,-0.002077,-0.545391,0.192852,-0.796856,-0.243130,-0.431487,0.614012,-0.059058,-0.517823,-0.000451,0.853056,-0.169766,0.446998,-0.515587,0.067724
7.210000,0.000000,-0.055392,0.017105,0.751631,0.071764,-0.060252,0.095717,-0.000795,-0.059106,-0.094768,-0.002369,-0.538983,0.203128,-0.815942,-0.242692,-0.412303,0.603422,-0.068613,-0.508925,0.036341,0.873246,-0.135292,0.401222,-0.468036,0.055520
7.310000,0.000000,-0.056033,0.027802,0.766195,0.059851,-0.060658,0.095732,-0.000872,-0.059090,-0.094674,-0.002637,-0.543890,0.224325,-0.835424,-0.260368,-0.394190,0.594045,-0.076840,-0.512130,0.067107,0.897791,-0.113186,0.352339,-0.414792,0.041037
7.410000,1.000000,-0.057079,0.040556,0.782601,0.045346,-0.060876,0.095598,-0.000939,-0.057705,-0.094236,-0.009326,-0.561581,0.251411,-0.849933,-0.297392,-0.378073,0.587159,-0.083406,-0.525827,0.088982,0.925261,-0.102631,0.300394,-0.357474,0.023275
7.510000,1.000000,-0.057751,0.051726,0.799349,0.028388,-0.061402,0.095178,-0.000868,-0.046727,-0.099512,-0.028916,-0.592800,0.278851,-0.853850,-0.352798,-0.364442,0.583549,-0.087867,-0.542533,0.100289,0.955526,-0.101943,0.246251,-0.296987,0.001634
7.610000,1.000000,-0.058782,0.059850,0.813794,0.009109,-0.061826,0.094865,-0.000820,-0.035563,-0.110572,0.046544,-0.635268,0.300014,-0.842815,-0.424172,-0.352988,0.583427,-0.090237,-0.568733,0.099727,0.989079,-0.111876,0.191874,-0.235413,-0.023964
7.710000,1.000000,-0.060927,0.064602,0.824779,-0.017957,-0.062342,0.094607,-0.000771,-0.022838,-0.096479,-0.030944,-0.679564,0.308107,-0.815377,-0.505314,-0.342122,0.585657,-0.090909,-0.603739,0.085496,1.026642,-0.131125,0.139832,-0.174320,-0.052568
7.810000,1.000000,-0.062848,0.068163,0.831252,-0.047303,-0.062853,0.094301,-0.000620,-0.010609,-0.086751,-0.105438,-0.723225,0.302522,-0.771379,-0.589271,-0.328957,0.588896,-0.090805,-0.653018,0.059949,1.068021,-0.160190,0.093127,-0.115833,-0.082733
7.910000,1.000000,-0.064641,0.071034,0.832738,-0.082728,-0.063377,0.093984,-0.000282,0.003091,-0.086595,-0.161957,-0.760053,0.283356,-0.713797,-0.667345,-0.309719,0.590705,-0.090994,-0.716074,0.025430,1.111911,-0.197954,0.054553,-0.061826,-0.112332
8.010000,1.000000,-0.065942,0.073034,0.830241,-0.126421,-0.063911,0.093674,0.000358,0.016711,-0.091785,-0.218390,-0.787812,0.251635,-0.646886,-0.732201,-0.280628,0.588144,-0.092329,-0.791806,-0.014694,1.156189,-0.243065,0.026349,-0.014184,-0.139184
8.110000,1.000000,-0.066607,0.073967,0.824941,-0.178251,-0.064410,0.093364,0.001309,0.030194,-0.097863,-0.291321,-0.807913,0.209458,-0.575037,-0.778718,-0.238737,0.578157,-0.094905,-0.879816,-0.057051,1.198706,-0.294167,0.010009,0.025269,-0.161544
8.210000,1.000000,-0.066484,0.073824,0.818048,-0.234744,-0.064852,0.093116,0.002481,0.042677,-0.108844,-0.375134,-0.823447,0.159596,-0.502222,-0.804160,-0.182682,0.557882,-0.097732,-0.979981,-0.099418,1.237978,-0.349959,0.006164,0.055025,-0.178376
8.310000,1.000000,-0.064867,0.072116,0.811285,-0.291198,-0.065104,0.092846,0.003765,0.048326,-0.136138,-0.492914,-0.837330,0.104372,-0.432015,-0.807581,-0.112849,0.524755,-0.098839,-1.088575,-0.140361,1.273811,-0.409368,0.014820,0.074175,-0.189250
8.410000,1.000000,-0.061940,0.068143,0.805093,-0.347159,-0.065304,0.092695,0.005146,0.046680,-0.171189,-0.626364,-0.849954,0.046134,-0.367806,-0.789070,-0.031275,0.476863,-0.095638,-1.199818,-0.180212,1.306612,-0.471248,0.035444,0.082491,-0.194099
8.510000,1.000000,-0.057950,0.061310,0.799364,-0.402588,-0.065344,0.092532,0.006580,0.044144,-0.200288,-0.731461,-0.864814,-0.012185,-0.312351,-0.752510,0.058187,0.413848,-0.085886,-1.317051,-0.220249,1.335403,-0.535845,0.066717,0.080039,-0.193407
8.610000,1.000000,-0.052987,0.050584,0.794473,-0.458434,-0.065327,0.092411,0.008143,0.046229,-0.216834,-0.791596,-0.879847,-0.068354,-0.269018,-0.701573,0.151009,0.336777,-0.067827,-1.434003,-0.261450,1.360220,-0.602800,0.106913,0.068260,-0.187635
8.710000,1.000000,-0.046554,0.034466,0.791638,-0.510413,-0.065187,0.092161,0.009782,0.050667,-0.224304,-0.808263,-0.895753,-0.120800,-0.241270,-0.643046,0.242486,0.248488,-0.041250,-1.549672,-0.304021,1.379541,-0.673043,0.153965,0.048830,-0.177513
7.810000,1.000000,-0.038161,0.011164,0.791395,-0.555495,-0.065022,0.092016,0.011380,0.052525,-0.232861,-0.802543,-0.905828,-0.167663,-0.232888,-0.581629,0.328874,0.153225,-0.006856,-1.648523,-0.349507,1.394519,-0.746146,0.205900,0.024491,-0.163655
8.910000,0.000000,-0.026761,-0.020758,0.792976,-0.588655,-0.064749,0.091737,0.012710,0.051249,-0.236444,-0.807013,-0.910788,-0.208608,-0.247729,-0.525704,0.407576,0.056060,0.032889,-1.731356,-0.398896,1.402507,-0.823800,0.260767,-0.003149,-0.146919
9.010000,0.000000,-0.013718,-0.059007,0.799372,-0.603665,-0.064420,0.091290,0.013474,0.051416,-0.236693,-0.807235,-0.909111,-0.242040,-0.288642,-0.482312,0.477805,-0.037422,0.074689,-1.793972,-0.452629,1.401787,-0.907700,0.316966,-0.032636,-0.128099
9.110000,0.000000,-0.001054,-0.097725,0.806984,-0.609524,-0.064030,0.090769,0.013673,0.051566,-0.236825,-0.807453,-0.901866,-0.267288,-0.357213,-0.458230,0.540348,-0.121993,0.114681,-1.839905,-0.509654,1.388862,-1.000997,0.373311,-0.063676,-0.107986
9.210000,2.000000,0.011139,-0.132818,0.815881,-0.613470,-0.029971,0.081740,0.025193,0.052524,-0.236786,-0.807771,-0.882483,-0.277730,-0.451722,-0.453946,0.597127,-0.192671,0.149621,-1.862888,-0.560863,1.364018,-1.107305,0.429239,-0.095885,-0.087311
9.310000,2.000000,0.023109,-0.162734,0.821309,-0.612182,0.040490,0.057211,0.057429,0.052829,-0.236395,-0.808735,-0.855054,-0.274534,-0.567397,-0.469883,0.650497,-0.246499,0.176909,-1.860905,-0.608787,1.325230,-1.224838,0.484412,-0.129532,-0.065676
9.410000,2.000000,0.032905,-0.184415,0.822840,-0.603768,0.104819,0.036107,0.092729,0.053145,-0.236090,-0.809823,-0.832762,-0.272509,-0.698302,-0.506801,0.702215,-0.283776,0.195177,-1.840264,-0.677201,1.266479,-1.345869,0.538531,-0.166015,-0.041598
9.510000,2.000000,0.040805,-0.199090,0.821326,-0.583137,0.159741,0.023566,0.129589,0.053370,-0.235758,-0.811038,-0.818448,-0.272663,-0.834211,-0.557965,0.752686,-0.305953,0.204603,-1.798758,-0.764444,1.187630,-1.464721,0.591587,-0.206028,-0.014135
9.610000,2.000000,0.047229,-0.208591,0.817820,-0.549109,0.206431,0.021915,0.167808,0.053487,-0.235388,-0.812310,-0.815014,-0.272912,-0.963935,-0.615640,0.800883,-0.316236,0.206229,-1.737042,-0.861672,1.089261,-1.574991,0.643596,-0.250263,0.017438
9.710000,2.000000,0.053297,-0.213208,0.814088,-0.503696,0.244197,0.035689,0.182729,0.053656,-0.234909,-0.813639,-0.822565,-0.266877,-1.078033,-0.671523,0.844471,-0.318507,0.201661,-1.655939,-0.955884,0.974314,-1.670147,0.694683,-0.298874,0.053195
9.810000,2.000000,0.059230,-0.213498,0.809281,-0.452776,0.272850,0.059893,0.235831,0.053797,-0.234427,-0.815024,-0.841044,-0.249539,-1.170127,-0.719862,0.880376,-0.316500,0.192469,-1.558406,-1.034334,0.846692,-1.743577,0.744946,-0.351134,0.092516
9.910000,2.000000,0.064545,-0.211366,0.799855,-0.403748,0.294311,0.080022,0.350023,0.053582,-0.234195,-0.816341,-0.871082,-0.219629,-1.237255,-0.758693,0.905556,-0.313153,0.179844,-1.449251,-1.086963,0.710587,-1.789492,0.794206,-0.405189,0.134048
10.010000,2.000000,0.069448,-0.208350,0.784405,-0.360990,0.313676,0.086008,0.357103,0.053534,-0.233862,-0.817051,-0.916056,-0.179171,-1.278442,-0.789758,0.917851,-0.310267,0.164413,-1.332700,-1.108876,0.569757,-1.803762,0.841560,-0.458399,0.175872
10.110000,2.000000,0.074717,-0.203106,0.763770,-0.325117,0.333097,0.079098,0.316418,0.053318,-0.233634,-0.817334,-0.967046,-0.123571,-1.297092,-0.812661,0.916389,-0.308445,0.147123,-1.212398,-1.093983,0.430031,-1.788892,0.885578,-0.507849,0.214840
10.210000,2.000000,0.082200,-0.193795,0.742296,-0.300132,0.349858,0.068379,0.304829,0.053267,-0.233308,-0.817147,-1.021741,-0.051925,-1.295930,-0.829644,0.901852,-0.307535,0.128560,-1.091888,-1.043957,0.295150,-1.747773,0.923458,-0.551353,0.247993
9.610000,2.000000,0.093704,-0.178355,0.723131,-0.288525,0.359901,0.068581,0.305376,0.053231,-0.233031,-0.816738,-1.073157,0.035460,-1.279207,-0.842459,0.875977,-0.307035,0.109647,-0.975967,-0.964651,0.168536,-1.685130,0.951582,-0.587715,0.272329
10.410000,0.000000,0.109046,-0.158226,0.709281,-0.286780,0.360771,0.069519,0.307510,0.053091,-0.232813,-0.816219,-1.115803,0.136062,-1.250765,-0.853235,0.841196,-0.306339,0.091491,-0.869068,-0.863948,0.053594,-1.603874,0.965834,-0.616586,0.285527
10.510000,0.000000,0.125623,-0.137355,0.702640,-0.291646,0.361114,0.069497,0.307315,0.052969,-0.232606,-0.815553,-1.157929,0.244331,-1.210308,-0.866688,0.800316,-0.304880,0.074692,-0.775983,-0.752170,-0.048133,-1.505249,0.962411,-0.638489,0.286434
10.610000,0.000000,0.140706,-0.119292,0.698754,-0.295631,0.361394,0.069488,0.307097,0.052771,-0.232443,-0.814974,-1.196243,0.355967,-1.160440,-0.884325,0.755927,-0.302447,0.060518,-0.699993,-0.637285,-0.134187,-1.391543,0.939388,-0.654253,0.274691
10.710000,0.000000,0.152658,-0.106022,0.696146,-0.292506,0.361613,0.069467,0.306788,0.052520,-0.232305,-0.814561,-1.231317,0.467273,-1.102437,-0.907348,0.710344,-0.299081,0.050017,-0.642061,-0.524559,-0.202829,-1.264677,0.897024,-0.664705,0.251366
10.810000,0.000000,0.162183,-0.096872,0.694974,-0.279601,0.361781,0.069443,0.306367,0.052249,-0.232180,-0.814345,-1.261395,0.575153,-1.038249,-0.935632,0.665395,-0.295132,0.044151,-0.603431,-0.418276,-0.253672,-1.128108,0.838024,-0.670472,0.218800
10.910000,0.000000,0.170170,-0.090779,0.695596,-0.257131,0.361896,0.069433,0.305761,0.051988,-0.232052,-0.814283,-1.286910,0.677541,-0.969456,-0.968618,0.622348,-0.291020,0.043462,-0.583562,-0.320422,-0.287401,-0.986034,0.766916,-0.671806,0.180459
11.010000,0.000000,0.177357,-0.086670,0.698325,-0.226724,0.362064,0.069537,0.304767,0.051862,-0.231816,-0.814199,-1.308243,0.772334,-0.898157,-1.005373,0.581887,-0.287153,0.048120,-0.580882,-0.231844,-0.305590,-0.843541,0.689111,-0.668516,0.140416
11.110000,0.000000,0.184330,-0.083504,0.703263,-0.191136,0.362268,0.069761,0.303361,0.051909,-0.231430,-0.814223,-1.326233,0.858194,-0.826734,-1.044814,0.544077,-0.283763,0.057632,-0.592488,-0.152092,-0.310969,-0.705917,0.609957,-0.660155,0.102722
11.210000,0.000000,0.191650,-0.080373,0.710216,-0.153997,0.362319,0.069949,0.301596,0.051995,-0.231070,-0.814253,-1.341065,0.934598,-0.757650,-1.085903,0.508638,-0.280908,0.071119,-0.615657,-0.080382,-0.306553,-0.577974,0.533491,-0.645907,0.070699
11.310000,0.000000,0.199903,-0.076258,0.718745,-0.119655,0.362333,0.070180,0.299509,0.052182,-0.230677,-0.814278,-1.352896,1.002193,-0.692750,-1.128069,0.475246,-0.278490,0.087433,-0.648290,-0.015733,-0.295116,-0.463554,0.461981,-0.624512,0.046752
11.410000,0.000000,0.209728,-0.070160,0.728299,-0.092204,0.362304,0.070435,0.297142,0.052457,-0.230278,-0.814180,-1.361835,1.063148,-0.632819,-1.171304,0.443620,-0.276305,0.105052,-0.688286,0.042925,-0.279672,-0.364821,0.395817,-0.594825,0.032022
11.510000,0.000000,0.221931,-0.061067,0.738347,-0.073782,0.362232,0.070763,0.294671,0.052838,-0.229885,-0.813714,-1.367192,1.120316,-0.577795,-1.216013,0.413769,-0.274121,0.122415,-0.733889,0.096185,-0.262937,-0.282753,0.334039,-0.555744,0.026865
11.610000,0.000000,0.237523,-0.047991,0.748469,-0.062744,0.362126,0.071158,0.292110,0.053317,-0.229499,-0.812890,-1.367322,1.176900,-0.526863,-1.262621,0.385933,-0.271691,0.138048,-0.783063,0.144438,-0.247350,-0.216595,0.274717,-0.506905,0.030693
11.710000,0.000000,0.256601,-0.031246,0.758429,-0.051725,0.361955,0.071604,0.289680,0.053872,-0.229135,-0.811663,-1.358790,1.235137,-0.479510,-1.311004,0.360519,-0.268772,0.150810,-0.833311,0.187633,-0.234859,-0.164681,0.215786,-0.448599,0.042603
11.810000,0.000000,0.276639,-0.014237,0.769067,-0.026231,0.362019,0.072366,0.287924,0.054937,-0.228596,-0.809228,-1.344093,1.300488,-0.431680,-1.362926,0.337891,-0.264516,0.159447,-0.884443,0.228299,-0.226332,-0.125658,0.155684,-0.381634,0.061231
11.910000,1.000000,0.298816,0.003553,0.782597,0.033484,0.362282,0.072851,0.286496,0.077949,-0.226070,-0.682140,-1.316502,1.348391,-0.391198,-1.422474,0.318203,-0.259761,0.163222,-0.924403,0.251455,-0.223069,-0.095390,0.093403,-0.309456,0.085246
12.010000,1.000000,0.318074,0.019334,0.793344,0.103247,0.361668,0.072924,0.284798,0.120557,-0.212153,-0.525752,-1.276229,1.385882,-0.355196,-1.486663,0.300695,-0.252964,0.162309,-0.951739,0.259512,-0.224396,-0.072369,0.028838,-0.233023,0.113201
12.110000,1.000000,0.332208,0.030249,0.802735,0.170659,0.361501,0.073411,0.283457,0.160588,-0.192583,-0.412144,-1.231548,1.434500,-0.314305,-1.551349,0.283657,-0.241306,0.157413,-0.979493,0.266730,-0.226874,-0.058686,-0.036716,-0.152802,0.142593
12.210000,1.000000,0.341879,0.037345,0.811401,0.232657,0.361204,0.073847,0.282532,0.191764,-0.169661,-0.323225,-1.181285,1.486774,-0.271524,-1.615394,0.265216,-0.223889,0.149452,-1.004560,0.272945,-0.227545,-0.052550,-0.101915,-0.070170,0.171837
12.310000,1.000000,0.347827,0.041740,0.818961,0.286385,0.360814,0.074248,0.281808,0.212656,-0.146905,-0.243148,-1.125321,1.536303,-0.229144,-1.677710,0.243319,-0.199608,0.139381,-1.024310,0.277536,-0.222700,-0.053371,-0.165262,0.013924,0.199397
12.410000,1.000000,0.350394,0.043805,0.824661,0.328686,0.360428,0.074628,0.281155,0.221771,-0.127772,-0.140144,-1.064877,1.579635,-0.187896,-1.736999,0.216170,-0.167471,0.128229,-1.037152,0.280101,-0.208401,-0.061549,-0.225489,0.098604,0.223812
12.510000,1.000000,0.349512,0.043540,0.827497,0.357652,0.360019,0.074941,0.280505,0.221328,-0.118404,0.010216,-1.002137,1.616113,-0.147132,-1.791245,0.182576,-0.126775,0.117010,-1.043748,0.281785,-0.181143,-0.078473,-0.281803,0.182699,0.243804
12.210000,1.000000,0.345262,0.040269,0.826305,0.375959,0.359723,0.075009,0.279756,0.214517,-0.206856,0.116205,-0.939213,1.646059,-0.105859,-1.837626,0.141976,-0.077270,0.106648,-1.046057,0.284852,-0.138394,-0.105906,-0.334014,0.264276,0.258374
12.710000,0.000000,0.338726,0.033111,0.823615,0.378269,0.359258,0.075177,0.279100,0.213076,-0.105058,0.123782,-0.877083,1.668986,-0.063339,-1.875699,0.094224,-0.019307,0.097443,-1.038570,0.288349,-0.079214,-0.142871,-0.382343,0.339975,0.267114
12.810000,0.000000,0.331448,0.025493,0.820365,0.369100,0.358817,0.075323,0.278479,0.213056,-0.105207,0.124203,-0.812631,1.677757,-0.023160,-1.902861,0.039453,0.045690,0.089834,-1.022699,0.289206,-0.004780,-0.189166,-0.427273,0.405514,0.269808
12.910000,0.000000,0.325069,0.019676,0.814201,0.351041,0.358356,0.075434,0.277886,0.213055,-0.105320,0.124279,-0.747130,1.671893,0.015267,-1.918968,-0.022337,0.116520,0.083715,-0.999332,0.286834,0.081608,-0.242759,-0.469125,0.456754,0.266759
13.010000,0.000000,0.320801,0.017035,0.805465,0.325284,0.357875,0.075538,0.277369,0.213103,-0.105380,0.124136,-0.681762,1.650627,0.051839,-1.924662,-0.091096,0.191315,0.078926,-0.971780,0.281091,0.174365,-0.299737,-0.507687,0.490851,0.258857
13.110000,0.000000,0.318878,0.017702,0.795116,0.292425,0.357370,0.075627,0.277016,0.213203,-0.105392,0.123873,-0.618809,1.614574,0.086796,-1.921854,-0.166520,0.267668,0.075363,-0.945239,0.272510,0.266319,-0.354706,-0.542079,0.507591,0.247458
13.210000,0.000000,0.319581,0.021852,0.784578,0.255579,0.356843,0.075702,0.276963,0.213365,-0.105365,0.123525,-0.560592,1.564130,0.119444,-1.913206,-0.247767,0.342580,0.073166,-0.924759,0.261951,0.350267,-0.401450,-0.570856,0.509749,0.234151
13.310000,0.000000,0.323082,0.029673,0.776191,0.222954,0.356310,0.075737,0.277131,0.213589,-0.105295,0.122945,-0.508834,1.498685,0.147359,-1.901825,-0.333336,0.412743,0.072704,-0.913707,0.248814,0.420500,-0.434581,-0.592454,0.502202,0.220326
13.410000,1.000000,0.329525,0.038644,0.773690,0.192657,0.356371,0.075493,0.277064,0.231552,-0.098167,0.035194,-0.467873,1.421178,0.169420,-1.891598,-0.421224,0.475682,0.074405,-0.915844,0.231432,0.473631,-0.452762,-0.605872,0.490422,0.206619
13.510000,1.000000,0.336386,0.044578,0.771210,0.157025,0.355932,0.075075,0.277738,0.265343,-0.084760,-0.138524,-0.438466,1.331005,0.180323,-1.883479,-0.509001,0.529363,0.078725,-0.923158,0.208834,0.510721,-0.452944,-0.610417,0.478594,0.194004
13.610000,1.000000,0.341197,0.048082,0.767239,0.121276,0.355674,0.074665,0.278481,0.304186,-0.092941,-0.251554,-0.422954,1.227705,0.176415,-1.874532,-0.593824,0.573309,0.086309,-0.946444,0.181005,0.532670,-0.442688,-0.606884,0.469524,0.181963
13.710000,1.000000,0.344727,0.049158,0.762406,0.085828,0.355458,0.074293,0.279235,0.342183,-0.119014,-0.321895,-0.421437,1.110597,0.151720,-1.862473,-0.673339,0.607653,0.096853,-0.979188,0.143893,0.542743,-0.424443,-0.596240,0.463890,0.170862
13.810000,1.000000,0.347503,0.047428,0.756807,0.050191,0.355183,0.074046,0.279950,0.378185,-0.149302,-0.374227,-0.434276,0.981339,0.102797,-1.842951,-0.745247,0.633379,0.109746,-1.019424,0.096627,0.544169,-0.402729,-0.579908,0.461344,0.160952
13.910000,1.000000,0.350366,0.042600,0.750468,0.015494,0.354943,0.073806,0.280545,0.414618,-0.186801,-0.412860,-0.462029,0.843969,0.029215,-1.811333,-0.807382,0.651868,0.124019,-1.067018,0.040735,0.539820,-0.382124,-0.559341,0.461013,0.152500
14.010000,1.000000,0.354135,0.032863,0.742993,-0.016988,0.354774,0.073518,0.281123,0.445108,-0.230584,-0.479420,-0.503550,0.702250,-0.067127,-1.763957,-0.857754,0.664562,0.138393,-1.118953,-0.022006,0.532361,-0.364930,-0.535665,0.461798,0.145936
13.810000,1.000000,0.358831,0.017316,0.733769,-0.046979,0.354527,0.073425,0.281605,0.470752,-0.274358,-0.566660,-0.557876,0.563242,-0.180194,-1.698637,-0.894377,0.672826,0.151698,-1.178354,-0.085638,0.523979,-0.354391,-0.509813,0.462912,0.141334
14.210000,0.000000,0.365309,-0.003351,0.723966,-0.074635,0.354332,0.073565,0.281600,0.482139,-0.301053,-0.613000,-0.623466,0.429224,-0.304828,-1.615435,-0.915895,0.677351,0.162527,-1.234007,-0.148865,0.517202,-0.347563,-0.482091,0.463437,0.139289
14.310000,0.000000,0.372170,-0.025162,0.723181,-0.101710,0.354141,0.073519,0.281267,0.482598,-0.301277,-0.613221,-0.694659,0.301849,-0.434697,-1.514708,-0.921323,0.678502,0.170005,-1.297659,-0.210351,0.512424,-0.347184,-0.453026,0.462584,0.139230
14.410000,0.000000,0.378866,-0.045055,0.727137,-0.128861,0.353912,0.073610,0.281048,0.482990,-0.301433,-0.613255,-0.770521,0.186674,-0.561943,-1.402886,-0.911090,0.676732,0.173250,-1.364682,-0.265576,0.511274,-0.351711,-0.422823,0.460038,0.141111
14.510000,0.000000,0.384611,-0.060338,0.732056,-0.158195,0.353644,0.073754,0.280951,0.483305,-0.301559,-0.613098,-0.846526,0.085587,-0.681508,-1.286311,-0.886805,0.672043,0.171841,-1.436327,-0.313402,0.513991,-0.360841,-0.391851,0.455449,0.144478
14.610000,0.000000,0.389380,-0.071362,0.737067,-0.189500,0.353348,0.073928,0.280941,0.483558,-0.301666,-0.612820,-0.919608,-0.000078,-0.789931,-1.172200,-0.851280,0.664329,0.165795,-1.508613,-0.353231,0.520578,-0.372962,-0.360537,0.448668,0.148965
14.710000,0.000000,0.393323,-0.079360,0.742194,-0.221321,0.353036,0.074118,0.280962,0.483759,-0.301768,-0.612473,-0.986776,-0.069784,-0.885539,-1.066682,-0.808098,0.653499,0.155595,-1.578304,-0.385202,0.530277,-0.387103,-0.329495,0.439635,0.153981
14.810000,0.000000,0.396493,-0.085185,0.747595,-0.251367,0.352713,0.074312,0.280967,0.483917,-0.301875,-0.612109,-1.045985,-0.124069,-0.968207,-0.974133,-0.761149,0.639679,0.141950,-1.642588,-0.410359,0.541619,-0.402864,-0.299465,0.428260,0.158690
14.910000,0.000000,0.398925,-0.089358,0.753358,-0.277499,0.352374,0.074505,0.280907,0.484035,-0.301990,-0.611791,-1.096134,-0.164355,-1.039004,-0.896818,-0.714118,0.623413,0.125492,-1.698714,-0.430235,0.552607,-0.420276,-0.271228,0.414282,0.162021
15.010000,0.000000,0.400656,-0.092146,0.759446,-0.298796,0.352023,0.074689,0.280760,0.484120,-0.302115,-0.611551,-1.136774,-0.192249,-1.099739,-0.834956,-0.670082,0.605810,0.106516,-1.743957,-0.445820,0.560946,-0.439788,-0.245537,0.397153,0.162673
15.110000,0.000000,0.401704,-0.093622,0.765673,-0.315746,0.351657,0.074855,0.280528,0.484171,-0.302252,-0.611399,-1.167968,-0.209002,-1.152595,-0.787154,-0.631298,0.588484,0.084825,-1.775614,-0.457192,0.564174,-0.462094,-0.223075,0.375907,0.159146
15.210000,0.000000,0.402047,-0.093719,0.771691,-0.329437,0.351274,0.074996,0.280221,0.484201,-0.302399,-0.611337,-1.190190,-0.215257,-1.199842,-0.750939,-0.599188,0.573279,0.059705,-1.790944,-0.463771,0.559713,-0.487784,-0.204450,0.349108,0.149825
15.310000,0.000000,0.401605,-0.092315,0.777001,-0.340463,0.350865,0.075116,0.279789,0.484222,-0.302535,-0.611225,-1.204233,-0.210966,-1.243538,-0.723312,-0.574436,0.561880,0.030030,-1.787238,-0.464611,0.544925,-0.516969,-0.190228,0.314957,0.133124
15.410000,0.000000,0.400306,-0.089331,0.781010,-0.348230,0.350419,0.075192,0.279131,0.484249,-0.302592,-0.611045,-1.211309,-0.195540,-1.285158,-0.701341,-0.557130,0.555472,-0.005490,-1.762807,-0.458464,0.517264,-0.549143,-0.180967,0.271613,0.107725
15.510000,0.000000,0.398079,-0.084703,0.783145,-0.351366,0.349922,0.075213,0.278313,0.484297,-0.302564,-0.611114,-1.212826,-0.167712,-1.325299,-0.682612,-0.546841,0.554515,-0.047898,-1.716913,-0.443657,0.474873,-0.582663,-0.177171,0.217815,0.073024
15.610000,0.000000,0.394809,-0.078345,0.783066,-0.347851,0.349375,0.075188,0.277373,0.484373,-0.302467,-0.611468,-1.210013,-0.125479,-1.363578,-0.665601,-0.542683,0.558630,-0.097473,-1.649714,-0.418047,0.417490,-0.614294,-0.179133,0.153679,0.029663
15.710000,0.000000,0.390363,-0.070145,0.780775,-0.335163,0.348779,0.075130,0.276340,0.484471,-0.302321,-0.612020,-1.204050,-0.066459,-1.398636,-0.650145,-0.543330,0.566631,-0.153167,-1.563310,-0.379460,0.347324,-0.639459,-0.186708,0.081479,-0.020055
15.810000,0.000000,0.384631,-0.059866,0.776666,-0.310630,0.348147,0.075062,0.275227,0.484591,-0.302120,-0.612663,-1.196219,0.011396,-1.428397,-0.637750,-0.547114,0.576673,-0.212267,-1.462311,-0.326814,0.269422,-0.653062,-0.199159,0.005980,-0.072139
15.910000,0.000000,0.377532,-0.046973,0.771557,-0.272409,0.347499,0.075009,0.274086,0.484730,-0.301865,-0.613419,-1.187936,0.108855,-1.450529,-0.631353,-0.552180,0.586466,-0.270386,-1.353681,-0.261131,0.191473,-0.651051,-0.215101,-0.065852,-0.121370
16.010000,0.000000,0.369152,-0.030598,0.766622,-0.220632,0.346830,0.074992,0.272946,0.484877,-0.301537,-0.614254,-1.180629,0.224888,-1.462643,-0.634669,-0.556863,0.593637,-0.322177,-1.246521,-0.185831,0.122339,-0.632482,-0.232763,-0.126252,-0.162492
16.110000,0.000000,0.360513,-0.012080,0.764437,-0.158814,0.346135,0.074978,0.271915,0.485016,-0.301141,-0.614922,-1.174277,0.357007,-1.462679,-0.650964,-0.560045,0.595870,-0.362410,-1.146847,-0.105739,0.070639,-0.598944,-0.250439,-0.168399,-0.191152
16.210000,0.000000,0.354041,0.005396,0.771041,-0.085673,0.346363,0.075205,0.271634,0.488836,-0.298643,-0.603005,-1.177064,0.505747,-1.445652,-0.682627,-0.560805,0.591974,-0.386786,-1.062325,-0.023068,0.044274,-0.557470,-0.266764,-0.187501,-0.205166
16.310000,0.000000,0.351818,0.018923,0.785293,-0.006340,0.345503,0.074732,0.271702,0.533839,-0.250574,-0.371344,-1.162569,0.631442,-1.418552,-0.736993,-0.560703,0.577831,-0.394377,-0.963234,0.028835,0.040370,-0.503555,-0.282307,-0.185254,-0.203202
16.410000,0.000000,0.353297,0.027332,0.798066,0.080137,0.345235,0.074365,0.271726,0.563709,-0.203882,-0.220368,-1.159600,0.768921,-1.367236,-0.807103,-0.557386,0.555535,-0.383907,-0.889105,0.077070,0.068458,-0.461032,-0.296922,-0.160493,-0.188781
16.510000,0.000000,0.357986,0.031088,0.808015,0.159514,0.344893,0.074138,0.271894,0.584395,-0.158348,-0.094472,-1.152818,0.909464,-1.293183,-0.892493,-0.550829,0.524609,-0.357864,-0.827320,0.118710,0.127654,-0.432618,-0.312977,-0.117453,-0.164097
16.610000,0.000000,0.365481,0.030494,0.814924,0.222848,0.344643,0.073776,0.272146,0.593035,-0.096008,0.076977,-1.135010,1.049862,-1.196220,-0.991603,-0.540383,0.486607,-0.319857,-0.778022,0.154257,0.214603,-0.424486,-0.333233,-0.061647,-0.132614
16.610000,0.000000,0.376719,0.027367,0.819754,0.276332,0.345221,0.073113,0.272234,0.588206,-0.059134,0.263096,-1.105998,1.191110,-1.075594,-1.101371,-0.525390,0.445136,-0.273861,-0.743157,0.186336,0.323195,-0.439977,-0.360493,0.001214,-0.097501
16.810000,0.000000,0.390359,0.022724,0.825086,0.313486,0.345688,0.073018,0.272435,0.588272,-0.056026,0.282258,-1.059829,1.325520,-0.937898,-1.217658,-0.506679,0.404490,-0.224045,-0.705651,0.213900,0.445184,-0.469751,-0.397166,0.066240,-0.059683
16.910000,0.000000,0.403075,0.018365,0.831081,0.331074,0.345942,0.072884,0.272849,0.588672,-0.055608,0.283267,-1.000066,1.440432,-0.789016,-1.337081,-0.486472,0.369999,-0.173452,-0.671815,0.234103,0.569546,-0.510817,-0.444053,0.130205,-0.020886
17.010000,0.000000,0.411991,0.015384,0.833828,0.339640,0.346085,0.072558,0.273325,0.589001,-0.055393,0.284098,-0.929588,1.527521,-0.637337,-1.454277,-0.468694,0.346615,-0.124015,-0.639987,0.245386,0.686768,-0.554606,-0.500714,0.192580,0.018727
17.110000,0.000000,0.415325,0.014540,0.832761,0.346615,0.345954,0.072186,0.273843,0.589099,-0.055225,0.284581,-0.851857,1.583493,-0.490929,-1.563719,-0.458253,0.337968,-0.076523,-0.611638,0.248839,0.789762,-0.593724,-0.565684,0.254682,0.059467
17.210000,0.000000,0.413131,0.015804,0.828303,0.353241,0.345609,0.071812,0.274516,0.589021,-0.055046,0.284759,-0.770651,1.607347,-0.356462,-1.661688,-0.460083,0.345637,-0.030988,-0.588453,0.246121,0.874293,-0.622271,-0.636801,0.318219,0.101895
17.310000,0.000000,0.405365,0.019192,0.821741,0.356182,0.345122,0.071449,0.275367,0.588837,-0.054847,0.284604,-0.688914,1.598653,-0.239262,-1.746474,-0.478025,0.368704,0.013043,-0.572749,0.238359,0.938654,-0.636848,-0.711332,0.383919,0.146368
17.410000,1.000000,0.393690,0.023429,0.817796,0.347620,0.344798,0.070509,0.275706,0.590604,-0.059504,0.241332,-0.607963,1.556370,-0.143739,-1.818507,-0.513693,0.403586,0.056118,-0.565903,0.224625,0.983679,-0.636384,-0.785855,0.450626,0.192626
17.510000,1.000000,0.383403,0.026504,0.817261,0.334197,0.343012,0.069840,0.277347,0.588557,-0.089178,0.069480,-0.533467,1.490857,-0.068603,-1.880630,-0.566920,0.446274,0.098549,-0.565849,0.206082,1.013187,-0.621183,-0.856261,0.515841,0.239734
17.610000,1.000000,0.374751,0.028572,0.816309,0.316250,0.342571,0.068968,0.278184,0.579826,-0.126170,-0.047786,-0.467978,1.404283,-0.014150,-1.931418,-0.634640,0.491634,0.140721,-0.578823,0.185510,1.028903,-0.598366,-0.918136,0.576142,0.284599
17.710000,1.000000,0.366977,0.028779,0.813616,0.290578,0.342360,0.068059,0.278755,0.565215,-0.153069,-0.166567,-0.411906,1.296696,0.016190,-1.969804,-0.712892,0.535132,0.182066,-0.602241,0.160572,1.034284,-0.570764,-0.966175,0.627783,0.323844
17.810000,1.000000,0.360662,0.027644,0.809522,0.257967,0.342049,0.067309,0.279159,0.547902,-0.187420,-0.262561,-0.368309,1.173430,0.020994,-1.995016,-0.796265,0.573555,0.221411,-0.632064,0.128666,1.032896,-0.541101,-0.995377,0.667890,0.353704
17.910000,1.000000,0.355740,0.024562,0.804555,0.217229,0.341860,0.066603,0.279266,0.531119,-0.224837,-0.325111,-0.341064,1.040735,0.000496,-2.004301,-0.878627,0.605440,0.257538,-0.668465,0.089567,1.026554,-0.513152,-1.002193,0.695151,0.370746
18.010000,1.000000,0.351834,0.019053,0.798507,0.170026,0.341584,0.066061,0.279197,0.513152,-0.255940,-0.384160,-0.333274,0.904980,-0.043892,-1.994841,-0.953949,0.630506,0.289137,-0.711242,0.043645,1.016445,-0.489291,-0.985428,0.709563,0.373165
18.110000,1.000000,0.348801,0.010209,0.791148,0.119823,0.341333,0.065544,0.278987,0.493217,-0.280936,-0.480288,-0.346117,0.771259,-0.108718,-1.964370,-1.016810,0.649359,0.315020,-0.762143,-0.007514,1.002757,-0.471331,-0.946994,0.712248,0.361265
17.710000,1.000000,0.347123,-0.003680,0.782402,0.072742,0.341068,0.065104,0.278913,0.466140,-0.310729,-0.623482,-0.378638,0.642828,-0.189180,-1.912349,-1.062908,0.662961,0.333966,-0.820879,-0.062280,0.985652,-0.459467,-0.891313,0.704854,0.337555
18.310000,0.000000,0.347949,-0.024078,0.772541,0.031374,0.341428,0.065056,0.278834,0.436559,-0.337317,-0.721635,-0.430824,0.521168,-0.279657,-1.839785,-1.089205,0.672147,0.344744,-0.887877,-0.121123,0.964571,-0.452957,-0.824131,0.689283,0.305922
18.410000,0.000000,0.350859,-0.046131,0.768420,-0.007236,0.340995,0.064499,0.279448,0.436144,-0.337800,-0.721539,-0.499662,0.400875,-0.378763,-1.746794,-1.094180,0.676865,0.346046,-0.951129,-0.191937,0.940500,-0.445761,-0.750464,0.667100,0.271516
18.510000,0.000000,0.354133,-0.067053,0.769307,-0.042921,0.340942,0.064119,0.280110,0.436061,-0.338122,-0.721448,-0.579465,0.291448,-0.475022,-1.640566,-1.077659,0.679027,0.337823,-1.028702,-0.257041,0.911690,-0.445004,-0.675779,0.640600,0.237289
18.610000,0.000000,0.357216,-0.083225,0.770358,-0.089726,0.340874,0.063806,0.280954,0.435953,-0.338403,-0.720993,-0.663609,0.191749,-0.566296,-1.522933,-1.041071,0.678358,0.320375,-1.115148,-0.316359,0.879181,-0.447814,-0.603062,0.611135,0.206716
18.710000,0.000000,0.360157,-0.093615,0.770687,-0.149761,0.340786,0.063550,0.281910,0.435808,-0.338639,-0.720287,-0.748662,0.102620,-0.650464,-1.399134,-0.987574,0.674684,0.294825,-1.207887,-0.368643,0.843832,-0.453057,-0.534303,0.579991,0.181821
18.810000,0.000000,0.363281,-0.099831,0.770732,-0.218865,0.340688,0.063337,0.282925,0.435644,-0.338834,-0.719448,-0.831775,0.024854,-0.726904,-1.275200,-0.921545,0.667600,0.263164,-1.302694,-0.414175,0.806917,-0.459478,-0.470555,0.548265,0.163524
18.910000,0.000000,0.366675,-0.103365,0.770900,-0.290326,0.340578,0.063157,0.283927,0.435466,-0.338993,-0.718602,-0.910001,-0.041295,-0.796253,-1.157153,-0.847963,0.656566,0.227979,-1.396058,-0.454934,0.769552,-0.466229,-0.412337,0.516838,0.151723
19.010000,0.000000,0.370252,-0.105338,0.771413,-0.357420,0.340456,0.063003,0.284856,0.435288,-0.339117,-0.717850,-0.980649,-0.096249,-0.859856,-1.050462,-0.771804,0.641096,0.191954,-1.484683,-0.493341,0.732594,-0.472977,-0.359938,0.486414,0.145537
19.110000,0.000000,0.373859,-0.106491,0.772347,-0.415301,0.340318,0.062873,0.285669,0.435117,-0.339208,-0.717257,-1.041527,-0.140971,-0.919281,-0.959300,-0.697524,0.620987,0.157338,-1.565756,-0.531426,0.696384,-0.479925,-0.313664,0.457526,0.143506
19.210000,0.000000,0.377365,-0.107208,0.773687,-0.462105,0.340165,0.062759,0.286351,0.434952,-0.339276,-0.716832,-1.091210,-0.176593,-0.975967,-0.885986,-0.628758,0.596571,0.125559,-1.636789,-0.570158,0.660583,-0.487645,-0.273984,0.430538,0.143781
19.310000,0.000000,0.380693,-0.107603,0.775352,-0.498689,0.339995,0.062655,0.286921,0.434791,-0.339330,-0.716542,-1.129121,-0.204120,-1.031103,-0.830811,-0.568257,0.568879,0.097058,-1.695368,-0.609405,0.624035,-0.496748,-0.241584,0.405606,0.144276
19.410000,0.000000,0.383820,-0.107631,0.777169,-0.527098,0.339814,0.062558,0.287410,0.434636,-0.339374,-0.716342,-1.155527,-0.224522,-1.085662,-0.792273,-0.518027,0.539598,0.071365,-1.739105,-0.648673,0.584632,-0.507506,-0.217326,0.382571,0.142818
19.510000,0.000000,0.386750,-0.107209,0.778857,-0.548839,0.339620,0.062461,0.287842,0.434484,-0.339415,-0.716219,-1.171367,-0.238962,-1.140381,-0.767508,-0.479531,0.510815,0.047360,-1.765925,-0.687850,0.539307,-0.519616,-0.202135,0.360884,0.137289
19.610000,0.000000,0.389495,-0.106285,0.780059,-0.564193,0.339414,0.062362,0.288219,0.434330,-0.339454,-0.716183,-1.177932,-0.248812,-1.195581,-0.752682,-0.453857,0.484656,0.023636,-1.774395,-0.727096,0.484356,-0.532208,-0.196837,0.339630,0.125778
19.710000,0.000000,0.392037,-0.104850,0.780454,-0.572956,0.339197,0.062259,0.288537,0.434175,-0.339491,-0.716249,-1.176575,-0.255307,-1.250836,-0.743349,-0.441739,0.462989,-0.001153,-1.763733,-0.765802,0.416172,-0.543970,-0.201932,0.317694,0.106770
19.810000,0.000000,0.394300,-0.102926,0.779859,-0.575480,0.338974,0.062149,0.288791,0.434017,-0.339526,-0.716425,-1.168445,-0.259161,-1.304840,-0.734859,-0.443418,0.447230,-0.028058,-1.733778,-0.801662,0.332196,-0.553367,-0.217312,0.293998,0.079338
19.910000,0.000000,0.396168,-0.100557,0.778274,-0.573019,0.338747,0.062028,0.288982,0.433854,-0.339561,-0.716688,-1.154498,-0.260457,-1.355681,-0.722940,-0.458389,0.438272,-0.057718,-1.685104,-0.830849,0.231724,-0.558901,-0.242000,0.267729,0.043352
20.010000,0.000000,0.397514,-0.097813,0.775845,-0.567301,0.338523,0.061889,0.289111,0.433688,-0.339595,-0.717003,-1.135717,-0.258757,-1.401413,-0.704354,-0.485159,0.436526,-0.090338,-1.619283,-0.849081,0.116306,-0.559522,-0.274075,0.238554,-0.000386
20.110000,0.000000,0.398228,-0.094799,0.772803,-0.559975,0.338305,0.061736,0.289170,0.433516,-0.339627,-0.717334,-1.113376,-0.253157,-1.440606,-0.677409,-0.521187,0.441991,-0.125731,-1.539011,-0.852680,-0.010289,-0.555010,-0.310854,0.206793,-0.050090
20.210000,0.000000,0.398234,-0.091665,0.769397,-0.552269,0.338101,0.061562,0.289154,0.433339,-0.339662,-0.717651,-1.089135,-0.242259,-1.472611,-0.642229,-0.563115,0.454287,-0.163410,-1.447932,-0.839160,-0.142488,-0.546086,-0.349292,0.173475,-0.103073
20.310000,0.000000,0.397478,-0.088600,0.765850,-0.544829,0.337908,0.061376,0.289073,0.433153,-0.339697,-0.717911,-1.064897,-0.224150,-1.497507,-0.600735,-0.607245,0.472622,-0.202676,-1.350325,-0.807294,-0.273503,-0.534091,-0.386424,0.140205,-0.155967
20.410000,0.000000,0.395921,-0.085838,0.762330,-0.537490,0.337729,0.061184,0.288949,0.432959,-0.339737,-0.718079,-1.042517,-0.196519,-1.515848,-0.556341,-0.650066,0.495770,-0.242654,-1.250804,-0.757040,-0.396007,-0.520384,-0.419701,0.108819,-0.205116
20.510000,0.000000,0.393526,-0.083645,0.758941,-0.528830,0.337561,0.060992,0.288800,0.432754,-0.339789,-0.718132,-1.023520,-0.157045,-1.528368,-0.513444,-0.688633,0.522122,-0.282272,-1.154009,-0.689723,-0.502878,-0.505756,-0.447181,0.080962,-0.247047
20.610000,0.000000,0.390258,-0.082305,0.755737,-0.515849,0.337403,0.060816,0.288638,0.432548,-0.339850,-0.718072,-1.008964,-0.103949,-1.535707,-0.476781,-0.720721,0.549826,-0.320217,-1.064138,-0.608338,-0.587923,-0.490102,-0.467582,0.057768,-0.278929
20.710000,0.000000,0.386130,-0.082082,0.752802,-0.494087,0.337246,0.060666,0.288446,0.432344,-0.339923,-0.717955,-0.999522,-0.036577,-1.538177,-0.450840,-0.744814,0.577008,-0.354914,-0.984258,-0.517543,-0.646509,-0.472483,-0.480267,0.039768,-0.298902
20.810000,0.000000,0.381275,-0.083202,0.750345,-0.458679,0.337085,0.060563,0.288193,0.432149,-0.339997,-0.717860,-0.995521,0.044400,-1.535615,-0.439389,-0.760041,0.602012,-0.384587,-0.916006,-0.422900,-0.675836,-0.451597,-0.485173,0.027098,-0.306208
20.910000,0.000000,0.376023,-0.085801,0.748766,-0.406612,0.336911,0.060514,0.287852,0.431964,-0.340067,-0.717872,-0.996784,0.137471,-1.527319,-0.445120,-0.766159,0.623600,-0.407436,-0.859886,-0.329454,-0.674807,-0.426412,-0.482764,0.019874,-0.301130
21.010000,0.000000,0.370917,-0.089835,0.748598,-0.339010,0.336726,0.060510,0.287433,0.431792,-0.340131,-0.718013,-1.002094,0.241138,-1.512108,-0.469436,-0.763608,0.641020,-0.421910,-0.815987,-0.240487,-0.643663,-0.396778,-0.473998,0.018528,-0.284801
21.110000,0.000000,0.366597,-0.095026,0.750291,-0.261457,0.336533,0.060542,0.286997,0.431628,-0.340185,-0.718248,-1.008669,0.354393,-1.488506,-0.512503,-0.753571,0.653954,-0.427032,-0.784262,-0.157252,-0.583762,-0.363830,-0.460344,0.023874,-0.259002
21.210000,0.000000,0.363608,-0.100877,0.753958,-0.181543,0.336337,0.060590,0.286624,0.431469,-0.340226,-0.718493,-1.012500,0.476020,-1.454937,-0.573672,-0.737935,0.662410,-0.422650,-0.763760,-0.079994,-0.497662,-0.329986,-0.443770,0.036810,-0.225971
21.310000,0.000000,0.362226,-0.106812,0.759233,-0.105623,0.336142,0.060640,0.286354,0.431307,-0.340259,-0.718693,-1.009500,0.603519,-1.409965,-0.651869,-0.719057,0.666603,-0.409529,-0.751830,-0.009252,-0.389253,-0.298523,-0.426637,0.057781,-0.188216
21.410000,0.000000,0.362408,-0.112329,0.765353,-0.037188,0.335953,0.060683,0.286178,0.431143,-0.340281,-0.718856,-0.996617,0.732818,-1.352687,-0.745513,-0.699368,0.666865,-0.389241,-0.744504,0.053699,-0.263661,-0.272869,-0.411444,0.086285,-0.148304
21.510000,0.000000,0.363859,-0.117087,0.771430,0.022343,0.335767,0.060714,0.286049,0.430978,-0.340288,-0.719021,-0.972221,0.859319,-1.283342,-0.851952,-0.680903,0.663601,-0.363906,-0.737916,0.107609,-0.126898,-0.255836,-0.400430,0.120657,-0.108622
21.610000,0.000000,0.366154,-0.120920,0.776740,0.071930,0.335590,0.060731,0.285914,0.430818,-0.340276,-0.719231,-0.936119,0.979026,-1.203888,-0.966987,-0.664957,0.657333,-0.335856,-0.729495,0.152088,0.014556,-0.248957,-0.395156,0.158281,-0.071157
21.710000,0.000000,0.368833,-0.123799,0.780909,0.109913,0.335425,0.060732,0.285750,0.430663,-0.340243,-0.719484,-0.889873,1.088939,-1.118064,-1.085019,-0.651982,0.648778,-0.307306,-0.718294,0.187743,0.154171,-0.252116,-0.396178,0.196159,-0.037348
21.810000,0.000000,0.371458,-0.125787,0.783956,0.133909,0.335272,0.060719,0.285589,0.430506,-0.340193,-0.719720,-0.836792,1.186936,-1.030836,-1.199781,-0.641785,0.638872,-0.280100,-0.704774,0.215809,0.285882,-0.263636,-0.402942,0.231624,-0.008028
21.910000,0.000000,0.373665,-0.127023,0.786174,0.141257,0.335145,0.060691,0.285488,0.430344,-0.340142,-0.719844,-0.781329,1.271721,-0.947410,-1.305324,-0.633857,0.628649,-0.255555,-0.690394,0.237798,0.404701,-0.280842,-0.413946,0.262839,0.016512
22.010000,0.000000,0.375181,-0.127710,0.787919,0.129981,0.335041,0.060656,0.285528,0.430162,-0.340101,-0.719755,-0.728189,1.342662,-0.872223,-1.396860,-0.627639,0.619019,-0.234383,-0.677183,0.255205,0.507218,-0.300840,-0.427150,0.288924,0.036415
22.110000,0.000000,0.375827,-0.128124,0.789333,0.100108,0.334955,0.060620,0.285772,0.429962,-0.340078,-0.719391,-0.681721,1.399189,-0.808326,-1.471038,-0.622631,0.610563,-0.216658,-0.667506,0.269160,0.591759,-0.321171,-0.440440,0.309789,0.052149
22.210000,0.000000,0.375484,-0.128626,0.790119,0.054551,0.334878,0.060592,0.286227,0.429744,-0.340076,-0.718771,-0.645999,1.439681,-0.757377,-1.525411,-0.618362,0.603438,-0.201827,-0.664233,0.280076,0.658091,-0.340133,-0.451883,0.325849,0.064439
22.310000,0.000000,0.374051,-0.129648,0.789441,-0.001508,0.334797,0.060586,0.286852,0.429517,-0.340094,-0.717970,-0.625501,1.460320,-0.720237,-1.557090,-0.614291,0.597408,-0.188691,-0.671507,0.287607,0.706798,-0.356842,-0.459666,0.337772,0.074248
22.410000,0.000000,0.371411,-0.131564,0.786108,-0.062605,0.334697,0.060625,0.287586,0.429287,-0.340126,-0.717070,-0.625516,1.454419,-0.697865,-1.561485,-0.609732,0.591911,-0.175460,-0.695398,0.290681,0.738662,-0.371042,-0.461904,0.346306,0.082763
22.510000,0.000000,0.367598,-0.134407,0.779282,-0.124393,0.334574,0.060732,0.288376,0.429068,-0.340165,-0.716148,-0.649013,1.414369,-0.691486,-1.535123,-0.604148,0.586168,-0.160483,-0.740560,0.286442,0.754943,-0.382181,-0.457203,0.352111,0.091194
22.610000,0.000000,0.363140,-0.137653,0.769435,-0.184466,0.334430,0.060914,0.289193,0.428885,-0.340206,-0.715296,-0.691337,1.341489,-0.699239,-1.484004,-0.597742,0.579802,-0.143778,-0.803202,0.271825,0.758870,-0.389466,-0.446471,0.355740,0.100023
22.710000,0.000000,0.358800,-0.140629,0.758359,-0.242719,0.334268,0.061159,0.290011,0.428742,-0.340264,-0.714611,-0.745853,1.246403,-0.716082,-1.418568,-0.590965,0.573091,-0.126226,-0.876462,0.247751,0.754503,-0.393537,-0.431892,0.357804,0.109057
22.810000,0.000000,0.355159,-0.142905,0.748252,-0.300245,0.334081,0.061466,0.290827,0.428633,-0.340349,-0.714133,-0.807856,1.139486,-0.737698,-1.346175,-0.584085,0.566397,-0.108435,-0.955565,0.217207,0.745061,-0.395635,-0.415192,0.358877,0.118068
22.910000,0.000000,0.352545,-0.144292,0.740751,-0.358557,0.333874,0.061834,0.291656,0.428553,-0.340464,-0.713848,-0.874275,1.027659,-0.761461,-1.270743,-0.577204,0.559927,-0.090670,-1.037835,0.183085,0.732688,-0.396800,-0.397410,0.359390,0.126944
23.010000,0.000000,0.351137,-0.144765,0.736507,-0.418730,0.333642,0.062260,0.292521,0.428488,-0.340613,-0.713721,-0.943093,0.914742,-0.786041,-1.194016,-0.570344,0.553737,-0.073000,-1.121982,0.147470,0.718683,-0.397716,-0.379106,0.359619,0.135652
23.110000,0.000000,0.351062,-0.144412,0.735286,-0.480445,0.333383,0.062740,0.293438,0.428434,-0.340786,-0.713724,-1.013245,0.802059,-0.810903,-1.116781,-0.563513,0.547773,-0.055431,-1.207382,0.111260,0.703736,-0.398658,-0.360559,0.359686,0.144195
23.210000,0.000000,0.352407,-0.143393,0.736358,-0.541950,0.333102,0.063261,0.294395,0.428382,-0.340980,-0.713859,-1.084371,0.689201,-0.835991,-1.039576,-0.556743,0.541918,-0.037989,-1.293581,0.074289,0.688134,-0.399549,-0.341899,0.359596,0.152590
23.310000,0.000000,0.355145,-0.141910,0.738900,-0.601331,0.332807,0.063809,0.295375,0.428333,-0.341188,-0.714103,-1.156194,0.575622,-0.861358,-0.962782,-0.550071,0.536063,-0.020713,-1.380178,0.036346,0.671994,-0.400243,-0.323188,0.359316,0.160830
23.410000,0.000000,0.359116,-0.140175,0.742232,-0.657347,0.332503,0.064372,0.296372,0.428282,-0.341404,-0.714410,-1.228186,0.461541,-0.886948,-0.886648,-0.543531,0.530127,-0.003649,-1.466703,-0.002304,0.655370,-0.400649,-0.304471,0.358811,0.168859
23.510000,0.000000,0.364061,-0.138390,0.745852,-0.709173,0.332196,0.064943,0.297365,0.428229,-0.341620,-0.714737,-1.299544,0.347758,-0.912612,-0.811503,-0.537171,0.524020,0.013115,-1.552318,-0.041259,0.638251,-0.400585,-0.285795,0.358014,0.176569
23.610000,0.000000,0.369662,-0.136731,0.749353,-0.755977,0.331887,0.065503,0.298339,0.428173,-0.341838,-0.715047,-1.369116,0.235582,-0.938120,-0.738016,-0.531094,0.517619,0.029397,-1.635609,-0.080176,0.620542,-0.399697,-0.267241,0.356795,0.183778
23.710000,0.000000,0.375543,-0.135341,0.752389,-0.796773,0.331580,0.066046,0.299269,0.428117,-0.342052,-0.715311,-1.435030,0.127344,-0.963076,-0.667416,-0.525464,0.510795,0.044873,-1.714220,-0.118498,0.602137,-0.397465,-0.248984,0.354979,0.190203
23.810000,0.000000,0.381218,-0.134338,0.754678,-0.830615,0.331279,0.066567,0.300140,0.428065,-0.342262,-0.715508,-1.494350,0.027635,-0.986628,-0.601799,-0.520523,0.503532,0.059018,-1.784613,-0.154553,0.583200,-0.393482,-0.231456,0.352434,0.195439
23.910000,0.000000,0.386087,-0.133830,0.756038,-0.855843,0.330978,0.067058,0.300935,0.428019,-0.342472,-0.715628,-1.542842,-0.056329,-1.007227,-0.545179,-0.516611,0.496190,0.070937,-1.841822,-0.185709,0.564719,-0.387817,-0.215703,0.349249,0.199051
24.010000,0.000000,0.389701,-0.133841,0.756644,-0.866657,0.330641,0.067837,0.297580,0.427917,-0.342659,-0.715618,-1.571928,-0.119970,-1.023366,-0.506960,-0.514374,0.489750,0.078660,-1.880016,-0.216982,0.549208,-0.380542,-0.204119,0.345744,0.201160
24.110000,0.000000,0.389614,-0.136393,0.756689,-0.809576,0.330276,0.072676,0.227284,0.426197,-0.342124,-0.705223,-1.582048,-0.178202,-1.036102,-0.497613,-0.514537,0.485054,0.080318,-1.905310,-0.274875,0.536697,-0.371120,-0.198221,0.341292,0.202793
24.210000,0.000000,0.383029,-0.140828,0.756572,-0.715493,0.330927,0.077449,0.133106,0.425535,-0.341650,-0.685388,-1.589298,-0.193187,-1.039202,-0.492616,-0.514343,0.483928,0.081402,-1.916912,-0.286924,0.532813,-0.370304,-0.196110,0.340150,0.203029
24.310000,0.000000,0.374749,-0.144700,0.757527,-0.617395,0.332126,0.081318,0.038344,0.425455,-0.341084,-0.664601,-1.593691,-0.188712,-1.038417,-0.488065,-0.513877,0.484110,0.082443,-1.918509,-0.276622,0.533116,-0.372045,-0.195512,0.340656,0.202850
24.410000,0.000000,0.368243,-0.146985,0.759329,-0.545299,0.333619,0.084193,-0.049852,0.425831,-0.340317,-0.646798,-1.596006,-0.178426,-1.036591,-0.483920,-0.513359,0.484614,0.083371,-1.915127,-0.260017,0.534892,-0.373884,-0.195453,0.341684,0.202640
24.510000,0.000000,0.364663,-0.147370,0.761241,-0.514622,0.335133,0.086244,-0.128067,0.426627,-0.339322,-0.633561,-1.597499,-0.167321,-1.034624,-0.480360,-0.512880,0.485180,0.084163,-1.910512,-0.243075,0.536973,-0.375578,-0.195579,0.342778,0.202440
24.610000,0.000000,0.363671,-0.146167,0.762609,-0.516008,0.336495,0.087680,-0.197662,0.427524,-0.338189,-0.625766,-1.597996,-0.161076,-1.033554,-0.478385,-0.512615,0.485475,0.084591,-1.907868,-0.233430,0.538179,-0.376521,-0.195667,0.343399,0.202332
24.710000,0.000000,0.364119,-0.144307,0.763260,-0.532769,0.337722,0.088714,-0.259511,0.428508,-0.336984,-0.622838,-1.598270,-0.157905,-1.033008,-0.477420,-0.512483,0.485624,0.084800,-1.906653,-0.228569,0.538779,-0.377032,-0.195718,0.343708,0.202273
24.810000,0.000000,0.365229,-0.142392,0.763384,-0.554196,0.338805,0.089471,-0.314624,0.429528,-0.335770,-0.623856,-1.598426,-0.156595,-1.032780,-0.477039,-0.512431,0.485685,0.084883,-1.906251,-0.226586,0.539013,-0.377266,-0.195739,0.343830,0.202245
24.910000,0.000000,0.366574,-0.140684,0.763211,-0.575915,0.339750,0.090032,-0.363783,0.430561,-0.334590,-0.627887,-1.598533,-0.156102,-1.032690,-0.476916,-0.512414,0.485711,0.084911,-1.906194,-0.225858,0.539088,-0.377382,-0.195747,0.343873,0.202231
25.010000,0.000000,0.367945,-0.139243,0.762924,-0.596658,0.340582,0.090471,-0.407584,0.431593,-0.333472,-0.634223,-1.598599,-0.155888,-1.032650,-0.476882,-0.512409,0.485727,0.084920,-1.906248,-0.225559,0.539110,-0.377461,-0.195752,0.343888,0.202221
25.110000,0.000000,0.369288,-0.138057,0.762582,-0.616141,0.341287,0.090793,-0.446840,0.432585,-0.332431,-0.642147,-1.598666,-0.155810,-1.032631,-0.476883,-0.512408,0.485737,0.084922,-1.906312,-0.225452,0.539114,-0.377503,-0.195754,0.343894,0.202216
28.110000,3.000000,0.341287,-0.029207,0.818259,0.0,0.341287,0.090793,0.0,0.341287,-0.159207,0.0,0,0,0,0,0,0,0,0,0,0,0,0,0,0
